Year,Month,Team,Followers_Facebook,Followers_Twitter,Followers_Instagram,Followers_Snapchat,Followers_Weibo,Engagements_Facebook,Engagements_Twitter,Engagements_Instagram,Impressions_Facebook,Impressions_Twitter
2016,9,ATL,1594980,676197,553033,27473,13150,1541392,192358,274895,17963762,8152652
2016,9,BOS,8773450,1965007,1182441,44107,15963,2761483,340744,769445,48848592,13499531
2016,9,BRK,2791000,680065,559419,15531,1292588,441951,109599,68435,8706073,4815980
2016,9,CHA,1732573,586799,652194,21876,520086,230125,93343,180034,6031601,3975016
2016,9,CHI,18768015,2889109,2597211,141698,1289159,3827364,437393,1401979,98907495,15337652
2016,9,CLE,7199694,1504682,3512519,170779,1889202,5716455,684222,3192232,98294052,19660588
2016,9,DAL,4519325,1002380,620150,20239,797868,1131587,211827,125755,23154666,8071398
2016,9,DEN,1956208,521510,432587,11347,495183,336531,135106,95864,7962047,3433771
2016,9,DET,1852584,578934,516474,19499,495109,406830,105779,228951,14200506,7881006
2016,9,GSW,9212273,2455285,5255608,263798,2502008,16355943,1860983,4437666,235679995,58192190
2016,9,HOU,3806063,1176148,1353874,39727,1833864,1504741,262133,748600,24150690,8425132
2016,9,IND,3310069,789581,884744,22798,501577,836421,210503,310635,16334690,7437168
2016,9,LAC,3837646,988003,1510612,68796,1607000,5725047,124809,379441,47294438,4785659
2016,9,LAL,21850350,5248586,3091858,102020,2064966,1897291,863921,1815429,96328430,29207620
2016,9,MEM,1808908,617470,448142,15621,16665,259751,130971,109800,6616318,3955906
2016,9,MIA,16201108,3566600,2764880,71204,1545734,2468227,459337,1035324,47979691,14481469
2016,9,MIL,1410402,519517,591184,43051,780789,2892240,275028,513047,37753947,12331327
2016,9,MIN,1832322,512381,583324,14004,787710,782975,355668,284149,21458688,6659587
2016,9,NOP,1628226,519697,606426,12947,505217,537199,179025,250636,10807865,5728543
2016,9,NYK,6107973,1526610,1336737,33150,1295581,6274572,354283,893946,66498872,16336672
2016,9,OKC,6723534,1420255,2258940,69985,1347831,1890846,168027,1300928,28090870,10371118
2016,9,ORL,2762651,1391720,495221,n/a,1151808,1779151,38621,197367,17586928,3375726
2016,9,PHI,1517868,717068,534517,20931,782815,2278621,649614,421697,28486924,14958133
2016,9,PHX,1888589,582642,500767,16930,9219,197518,172757,180713,8743584,5060450
2016,9,POR,2386240,636570,712810,54997,14875,1101695,150843,294725,22082887,5860175
2016,9,SAC,1751396,517460,527986,15816,504824,1734812,191831,339339,24866019,6113919
2016,9,SAS,6948712,1587737,1392904,83542,1401591,5022247,488253,856683,74638885,14264331
2016,9,TOR,2164586,1239520,860483,38883,1402404,161359,157334,524495,13019428,7719701
2016,9,UTA,1162229,508416,384133,12617,507717,486978,162646,132285,7155479,3759574
2016,9,WAS,1522628,528481,544269,21296,29392,825603,220306,386703,12106958,7480573
2016,10,ATL,1602127,716224,566228,28676,13445,2658714,768896,386087,27392321,15174493
2016,10,BOS,8770179,1989239,1204941,46847,16349,4566267,1592965,2040368,76248286,33773615
2016,10,BRK,2798486,687074,572923,17632,1294592,1289573,415863,165336,19796083,10795525
2016,10,CHA,1735953,600694,657579,22868,518686,15245101,699964,597782,94439630,13093513
2016,10,CHI,18815620,2970897,2672492,146878,1291602,29907553,3136530,3363659,407640071,50947314
2016,10,CLE,7373921,1558838,3631342,178338,1908549,18778596,5011838,9262516,250714907,61559165
2016,10,DAL,4521674,1030996,628795,22192,798706,3477189,860752,309080,50295498,16559063
2016,10,DEN,1956693,531571,442988,12058,495214,1110416,439446,193418,14952195,8713234
2016,10,DET,1861581,594423,526263,20927,494980,1057495,694262,468786,26736743,14295220
2016,10,GSW,9391382,2547074,5422491,274033,2509836,37254940,7427237,14690933,440684165,169318424
2016,10,HOU,3817581,1214599,1371614,41972,1910937,5958402,1444498,2192930,65991102,26351063
2016,10,IND,3317136,805732,906558,24526,501656,1588357,657150,750841,27119605,13593778
2016,10,LAC,3849054,997570,1543045,70198,1676102,4196403,815644,948190,54076457,14841117
2016,10,LAL,21846241,5357121,3156290,108231,2065501,15914622,4363475,4851082,261824730,100800880
2016,10,MEM,1811548,631015,452910,16356,16832,1293158,549273,375636,18138709,10471478
2016,10,MIA,16176409,3612582,2785974,73588,1541329,10117382,1759004,2169538,116553212,34969142
2016,10,MIL,1422416,536511,601832,44641,780583,5395589,1038730,717653,51108934,18335713
2016,10,MIN,1842779,531033,603893,15620,787734,594375,573339,572711,18135974,12611641
2016,10,NOP,1635382,531693,620305,13748,505919,839317,812013,509213,17029034,14637809
2016,10,NYK,6123052,1560822,1372279,36372,1295941,10700297,2319670,2152749,102206314,38954346
2016,10,OKC,6854210,1439867,2307403,72504,1348273,7606774,1918645,4992124,101330076,26908358
2016,10,ORL,2763530,1404020,503597,n/a,1151344,2559032,529904,321955,21668000,6399236
2016,10,PHI,1527250,741871,548784,21485,783085,4601376,1869693,923076,46556224,27376973
2016,10,PHX,1890655,594857,509716,18344,9469,839001,903057,535974,17300374,14475995
2016,10,POR,2395271,651795,727338,56347,15396,5023178,2055278,1019758,71888511,20180875
2016,10,SAC,1759546,533811,534740,16895,504773,4494132,1084666,864518,45157308,12507623
2016,10,SAS,6986449,1643616,1428782,86616,1404759,30592813,4111824,2794246,319573088,50171236
2016,10,TOR,2183698,1261423,887192,41122,1401686,1976793,1197384,2193750,50615415,32418404
2016,10,UTA,1170834,520783,389572,14295,507625,1440642,557911,419976,19217004,10632843
2016,10,WAS,1527418,537045,556873,21818,29545,1056563,487731,573998,16048643,10738036
2016,11,ATL,1612770.733,738131.2667,573283.5,30503,14167,7544743,2635191,601930,56043171,30608522
2016,11,BOS,8772495.467,2000650.833,1216015.433,49733,16844,5381386,2436591,2339367,99554577,43694446
2016,11,BRK,2804121.833,692784.0333,579123.0667,19978,1296375,1918564,940616,193936,21909227,15755132
2016,11,CHA,1743960.567,609777.9667,663232.1,24257,517675,2005094,1486528,974451,30169573,20847692
2016,11,CHI,18845803.27,3006237.033,2716230.2,153559,1293176,28733955,4366594,3831352,304823593,72799239
2016,11,CLE,7509983.367,1585199.7,3703008.133,187814,1926534,30897218,8368609,10444068,331141875,82511414
2016,11,DAL,4527600.767,1045565.533,634002.2,23623,800029,8528950,1984201,371766,93706581,19963446
2016,11,DEN,1959328.333,537690.9,449106.5,13021,495180,903593,623671,159473,13490166,10467001
2016,11,DET,1867045.767,603589.5333,532098.1,22554,495147,1483053,1067177,592117,32568517,19270191
2016,11,GSW,9529727.5,2588003.8,5502156.167,285421,2565231,73222759,13486190,20976607,712272290,223700074
2016,11,HOU,3947259.033,1235272.767,1383005.467,46595,2039764,8393365,2678472,2074673,86999373,29108869
2016,11,IND,3324160.367,815323.9,917041.9,26083,501704,2066100,1252752,1053311,36982366,24778509
2016,11,LAC,3864877.233,1005896.233,1563023,72977,1822920,10237513,4223703,2513675,103011751,38597986
2016,11,LAL,21873347.93,5398791.733,3201118.133,117744,2082001,41661564,8782068,7062920,456784627,144157582
2016,11,MEM,1817950.367,640039.2,455923.6667,18276,18019,4259762,1415605,574079,41365625,18304579
2016,11,MIA,16167753.27,3630913.167,2796985.6,76238,1559872,12324359,2818826,2002137,142453537,40331246
2016,11,MIL,1433640.467,545430.0333,609256.6333,45781,781079,8697351,2356832,1134093,83224709,23021810
2016,11,MIN,1853489.833,538374.7333,615899.4333,17187,788331,1456525,1590800,962420,26895512,24241782
2016,11,NOP,1642174.267,540122.5333,628642.7,14788,506680,1119762,1189426,562420,20563496,17984238
2016,11,NYK,6137148.8,1575962.433,1389930.367,40456,1297143,12617606,4471721,3551755,130428449,54134158
2016,11,OKC,6930956.667,1452911.833,2339972.067,76811,1351308,12547678,4105564,6639476,146058601,41327081
2016,11,ORL,2766735.867,1411209.233,508676.1333,n/a,1151163,2876289,923836,363113,26239599,7998315
2016,11,PHI,1537461.067,754083.0333,555874.4667,22542,784084,6907727,3190892,1038030,61814050,32431386
2016,11,PHX,1896107.833,603746.3,515953.8,19852,9933,4546315,1378127,674604,41158677,17590515
2016,11,POR,2405996.433,660746.8333,737277.4667,57897,16033,4609753,2749599,1079191,57584046,22500512
2016,11,SAC,1766975.867,542351.0333,539149.0333,18349,504904,5898860,1413886,724622,55096470,17098695
2016,11,SAS,7010568.4,1664530.667,1447764.633,89585,1408086,25006842,5416026,2506580,249649662,53790794
2016,11,TOR,2198537.467,1271746,901957.9,44380,1401394,5142150,3604493,3132928,77838007,42846607
2016,11,UTA,1176226.467,529564.0667,393493.6,16077,507992,2503731,1405947,611079,28258181,18056310
2016,11,WAS,1534006.267,543166.7,564070.2667,22594,30122,1480870,1364104,698881,19209132,17303141
2016,12,ATL,1612770.733,738131.2667,573283.5,34487,16282,1891807,1108813,601930,23066362,21348470
2016,12,BOS,8772495.467,2000650.833,1216015.433,56473,19269,6825553,3082517,2339367,114266528,45533743
2016,12,BRK,2804121.833,692784.0333,579123.0667,22649,1359352,1198787,881109,193936,19324619,14862666
2016,12,CHA,1743960.567,609777.9667,663232.1,27975,518409,1833915,1386267,974451,29833618,19676471
2016,12,CHI,18845803.27,3006237.033,2716230.2,169329,1295614,32501694,5586062,3831352,360120654,73852493
2016,12,CLE,7509983.367,1585199.7,3703008.133,211447,1946374,40752644,10085142,10444068,400317881,95919072
2016,12,DAL,4527600.767,1045565.533,634002.2,27495,802873,6021254,1967658,371766,78735685,19222443
2016,12,DEN,1959328.333,537690.9,449106.5,16444,495934,1411597,655651,159473,23080251,11377259
2016,12,DET,1867045.767,603589.5333,532098.1,26359,496050,1247372,1270373,592117,32815143,20343857
2016,12,GSW,9529727.5,2588003.8,5502156.167,318176,2667209,57387343,13211908,20976607,668100818,203412848
2016,12,HOU,3947259.033,1235272.767,1383005.467,55726,2098137,13546678,4331051,2074673,155315842,43197545
2016,12,IND,3324160.367,815323.9,917041.9,29906,503543,1358874,724840,1053311,32148146,19346688
2016,12,LAC,3864877.233,1005896.233,1563023,80050,1915506,7944628,3348186,2513675,103981668,34167840
2016,12,LAL,21873347.93,5398791.733,3201118.133,131052,2101567,23136898,6204282,7062920,297224774,116900058
2016,12,MEM,1817950.367,640039.2,455923.6667,21624,20791,4040775,1911595,574079,42544164,23298218
2016,12,MIA,16167753.27,3630913.167,2796985.6,85230,1586197,9720333,2358740,2002137,131068375,41769336
2016,12,MIL,1433640.467,545430.0333,609256.6333,50613,783693,3883737,2662345,1134093,53311833,25344071
2016,12,MIN,1853489.833,538374.7333,615899.4333,21299,790809,1949551,1375786,962420,30958555,22307413
2016,12,NOP,1642174.267,540122.5333,628642.7,19613,508883,1247542,1472448,562420,22115756,14775006
2016,12,NYK,6137148.8,1575962.433,1389930.367,48602,1300108,12652342,4515130,3551755,118781063,51514662
2016,12,OKC,6930956.667,1452911.833,2339972.067,87855,1353942,8840473,3782144,6639476,127510154,37866018
2016,12,ORL,2766735.867,1411209.233,508676.1333,n/a,1151827,2596233,783646,363113,28616222,7832333
2016,12,PHI,1537461.067,754083.0333,555874.4667,25747,786586,4041116,3005892,1038030,44619749,29666900
2016,12,PHX,1896107.833,603746.3,515953.8,23217,10945,1786132,1082703,674604,26074085,14422195
2016,12,POR,2405996.433,660746.8333,737277.4667,61902,18855,3512613,2563722,1079191,51891866,22005503
2016,12,SAC,1766975.867,542351.0333,539149.0333,21440,505469,2754933,2031484,724622,37122937,23450908
2016,12,SAS,7010568.4,1664530.667,1447764.633,99545,1455785,44220697,10545204,2506580,461235085,90290290
2016,12,TOR,2198537.467,1271746,901957.9,52393,1402869,4645912,4074543,3132928,74686693,41331230
2016,12,UTA,1176226.467,529564.0667,393493.6,18383,510329,3176807,1416169,611079,39382810,16731538
2016,12,WAS,1534006.267,543166.7,564070.2667,25471,32510,2245826,1621972,698881,31524649,18974329
2017,1,ATL,1641690,849607,609671,36645,19102,3466280,3088725,802800,38030637,36615590
2017,1,BOS,8767442,2138559,1274640,60642,20454,4755724,4460295,3964624,102836380,58352162
2017,1,BRK,2808286,715552,603739,26013,1398898,902867,698476,113366,14274151,12424048
2017,1,CHA,1764385,656952,689716,29767,519766,1711898,1466883,948372,29040627,21249629
2017,1,CHI,18910216,3274615,2885764,179038,1296904,34312375,5914492,4657554,391575325,89911436
2017,1,CLE,8040307,1824034,4066447,223260,1960756,9342457,9934260,12638899,85789542,102399142
2017,1,DAL,4537120,1137796,658252,28950,805754,6950162,2711727,477362,88984441,23234478
2017,1,DEN,1979795,577915,477788,17775,496944,4888542,1116306,491444,58853453,19358883
2017,1,DET,1897667,651521,560490,28028,496454,1718565,1121721,546200,38488634,18645391
2017,1,GSW,10192982,3016714,5992135,334022,2770817,71872940,14740097,21141523,847124258,233958615
2017,1,HOU,5089751,1418117,1496013,60238,2153163,22150741,4878603,2680753,275802724,45845982
2017,1,IND,3340084,858579,974800,32151,504339,2233778,1201935,1248099,43024994,21956750
2017,1,LAC,3917212,1091698,1657797,83019,1997052,8398556,2933173,2854086,106068940,33565745
2017,1,LAL,21880917,5699662,3348580,136345,2123371,18503766,4893070,5330462,290772582,98357480
2017,1,MEM,1843043,693808,474411,23266,23047,5406771,2891874,722940,53187487,28099206
2017,1,MIA,16103136,3781545,2839803,88825,1619841,14974181,3995643,2714398,179012008,51657235
2017,1,MIL,1530804,606996,655918,52839,785081,18541311,4205839,1822747,154441729,35341066
2017,1,MIN,1885651,586586,670350,23184,793559,2206334,1918963,1086041,34957026,25613786
2017,1,NOP,1671565,579641,669611,21025,511929,3992453,1201191,484606,33339478,13247517
2017,1,NYK,6178176,1667851,1468168,51812,1302816,9436950,4368418,2776804,105150544,50808561
2017,1,OKC,7282542,1631423,2511373,93647,1356528,15581919,3434069,6451806,173805976,37188906
2017,1,ORL,2772537,1462417,534979,n/a,1152042,2610992,862393,368850,30825708,7460898
2017,1,PHI,1581288,835996,608523,28702,790269,9674239,7138956,1695932,95026075,53119309
2017,1,PHX,1909015,675757,542827,26188,NA,2105810,1568660,732990,33314416,17500395
2017,1,POR,2431672,741811,774402,63609,21854,5362637,4027246,1558066,76647956,29769407
2017,1,SAC,1892879,594505,560978,23013,505981,3809355,3984102,781229,48987270,34302506
2017,1,SAS,7102688,1885273,1537657,103356,1541630,31278734,6482625,2859233,322631902,63567520
2017,1,TOR,2234654,1322340,958484,55671,1404011,5644697,4812193,3993345,91855559,51655262
2017,1,UTA,1216424,567586,414098,21382,512757,3962295,2118289,892365,48006950,25106203
2017,1,WAS,1554723,588951,598718,26747,33076,3264428,2946563,1473260,40745755,28484786
2017,2,ATL,1650359,884740,626558,39153,19656,2092940,1352340,629354,26135529,22473327
2017,2,BOS,8771228,2237110,1315653,65323,21615,8186840,4656670,4477880,119084789,54044473
2017,2,BRK,2807101,731859,611551,29639,1467691,841657,477606,155673,12047975,8217043
2017,2,CHA,1773618,671946,699255,31435,519802,1908431,1382278,986472,27406676,16514933
2017,2,CHI,18928882,3362057,2941801,186267,1297383,22379983,4352152,4297147,276135820,56126744
2017,2,CLE,8222051,1920483,4204393,232499,1984759,48005534,10905979,13405846,379687260,88236868
2017,2,DAL,4552005,1177812,667098,30359,807553,9743965,3323924,419214,88050397,22422348
2017,2,DEN,1994866,595484,489847,18972,497459,5771747,1241659,812688,70000809,14059120
2017,2,DET,1909436,667291,572023,29530,496860,1770366,1360978,632586,36230450,20403931
2017,2,GSW,10363500,3192856,6138830,346811,2835224,55000324,12451334,22039567,553034917,257524286
2017,2,HOU,5387585,1521702,1546854,67202,2215513,20764948,3757347,2984131,223159029,33611325
2017,2,IND,3345043,875516,997770,34043,504880,2705787,1479095,1307135,42164467,21137058
2017,2,LAC,3932267,1110448,1690657,85483,2074964,9517755,2771712,2923346,86265852,25175280
2017,2,LAL,21873386,5869804,3394687,140220,2134856,11240481,4065006,4909368,210324053,79524689
2017,2,MEM,1850411,710615,481534,24646,25104,1845263,1316083,563532,21023031,13969512
2017,2,MIA,16079564,3868091,2860467,92208,1637564,11991625,2697451,2669744,144255517,38209174
2017,2,MIL,1552382,622927,674362,54646,786002,14385811,3097933,1889137,118407897,26581084
2017,2,MIN,1897232,607060,690994,24681,794022,1576658,1617429,1004050,24223944,18089403
2017,2,NOP,1696484,601849,703831,23726,513297,4682206,6050122,1373307,52593249,38051538
2017,2,NYK,6185794,1717113,1491431,54564,1305184,7449777,3694178,2519260,100267685,37328416
2017,2,OKC,7429328,1708607,2574762,99991,1359123,20490928,3805714,8770249,190682802,34635174
2017,2,ORL,2774780,1481322,544716,5337,1152242,1812217,560523,278662,20839003,4891077
2017,2,PHI,1597377,860578,632327,30061,792559,5065189,2901559,1266302,50839486,26278005
2017,2,PHX,1915521,700838,556940,28173,12728,3640488,1576344,816038,40829497,14489050
2017,2,POR,2445452,769812,789143,65047,23228,4544772,2044381,853122,52609423,16041445
2017,2,SAC,2051076,631012,572477,24376,509032,4721378,4089031,965797,51745774,33401570
2017,2,SAS,7129828,2030568,1567962,106185,1563249,22824980,6184273,2697121,226382090,51748945
2017,2,TOR,2247882,1350569,980742,58556,1404403,5510290,4371958,4657287,78287082,67921977
2017,2,UTA,1228703,580041,422793,24570,515080,3324558,1776468,828090,36445108,15650209
2017,2,WAS,1569730,606827,618626,28228,33691,3097343,2882338,1612464,37904565,25785998
2017,3,ATL,1662802,929275,648143,41317,20155,13289769,2062953,774994,86812489,24302947
2017,3,BOS,8774677,2273597,1364323,71216,24473,11131637,4882886,5455287,140028554,54836487
2017,3,BRK,2804594,738423,624670,33977,1491932,933579,1045025,379804,15807341,13764933
2017,3,CHA,1776818,690247,713151,33464,520583,1775197,1582657,1039275,23814124,20683654
2017,3,CHI,18929149,3445715,3004937,194357,1298172,18864775,4523751,5895801,237344060,59811521
2017,3,CLE,8370651,1980791,4357321,242057,2023916,28936756,9868998,13919281,277467570,85714841
2017,3,DAL,4558960,1213911,681527,32178,810241,14451903,4251175,553307,120940052,31938466
2017,3,DEN,2001827,609018,506612,20243,498040,4986071,1398720,731323,50496586,13946463
2017,3,DET,1915661,682462,586114,31278,497139,1193064,1102818,575644,26807455,19568087
2017,3,GSW,10546479,3319306,6313554,362079,2912819,48247656,16296522,27625165,539829933,170813697
2017,3,HOU,5549749,1587860,1619781,74187,2259488,20965102,4483273,3216630,220723820,41280439
2017,3,IND,3346382,893234,1028430,35996,506501,2671119,1188660,1230119,36154284,20065096
2017,3,LAC,3938718,1128213,1726838,87961,2149118,7958968,3410917,3389192,71064135,33501730
2017,3,LAL,21864764,6017521,3450531,144106,2140131,14096256,6098948,5395077,226619645,107749711
2017,3,MEM,1854122,728539,494251,26316,26975,2538616,1862439,657314,26705393,19515552
2017,3,MIA,16059089,3954152,2883304,96122,1667966,17641136,4610151,4012051,185792728,56852110
2017,3,MIL,1564206,644377,700611,56784,786265,12178671,3694768,2096654,97389878,31558729
2017,3,MIN,1901067,618640,714359,26195,794229,2066169,1914042,1166292,30808711,23337786
2017,3,NOP,1704341,622371,729782,26076,513936,1425158,1523643,920934,21904619,16296003
2017,3,NYK,6185615,1746752,1518333,56703,1306876,8413452,2847141,1759897,95594427,32497316
2017,3,OKC,7570860,1752603,2654273,106733,1361048,16005590,4085825,7771922,148549575,38806800
2017,3,ORL,2775012,1489093,556230,8392,1152204,2050385,655165,377968,22537690,6119142
2017,3,PHI,1603967,888183,653787,31076,792864,4493310,3385519,1397631,42711767,32172390
2017,3,PHX,1923267,718259,580109,30447,15009,3536281,2290140,1194464,46861639,19700182
2017,3,POR,2451979,787816,810674,66551,25185,5365447,3992362,1679829,67109841,29966115
2017,3,SAC,2150708,648913,587292,25559,511077,3449615,1780796,513133,35473314,18015339
2017,3,SAS,7167772,2108509,1619311,110987,1569883,40545121,8732541,5369459,344302625,78539165
2017,3,TOR,2254545,1368746,1010658,61859,1404816,4504928,3300407,4016896,62680222,36905842
2017,3,UTA,1240170,594752,436148,28305,515431,6448024,2177890,1165770,55263311,21582741
2017,3,WAS,1579465,622043,645784,30085,35585,4170881,3808510,2180684,50192390,34549378
2017,4,ATL,1670275,973326,671869,44347,86913,2063550,1719548,949096,31904563,25215374
2017,4,BOS,8795149,2326906,1437332,79672,138545,16502656,7532653,6899576,208446728,78138359
2017,4,BRK,2798710,748827,636809,38208,1526681,472922,458315,270035,7567153,7265814
2017,4,CHA,1776843,718826,730768,35694,522501,607341,568969,443585,9699518,8593648
2017,4,CHI,18929923,3553136,3084009,203223,1310656,26053797,6014357,7159211,318654170,74990309
2017,4,CLE,8486468,2050399,4511133,255708,2129024,26022720,12438298,14733466,256320772,98910369
2017,4,DAL,4554617,1252030,694169,35498,812790,3044998,1819290,222024,33320630,16985060
2017,4,DEN,2004532,626460,523729,21460,498551,2056854,1001387,459616,30086199,8855534
2017,4,DET,1916981,702057,600508,33453,569515,1268064,595620,318640,22043636,10530236
2017,4,GSW,10697634,3493526,6483199,378087,3011545,54407729,16785388,25497333,556196962,186959795
2017,4,HOU,6002433,1676061,1701088,81782,2340203,20692464,5348379,3524505,232657644,44548529
2017,4,IND,3355746,919097,1062871,40175,509406,3885944,2019892,1309244,48488178,23249859
2017,4,LAC,3945930,1160629,1763907,91192,2238084,5880178,3830065,2835943,62904055,34549040
2017,4,LAL,21837238,6125153,3513368,148791,2176974,11696584,3492215,3458573,170161070,58313710
2017,4,MEM,1862072,754453,511364,28660,128460,2829379,1938002,898548,29882704,22123704
2017,4,MIA,16034139,4036351,2902869,100328,1707631,7853203,2248044,2147734,92767599,31849357
2017,4,MIL,1592392,686261,739688,62538,789066,12542427,5633364,2581910,100622399,40084648
2017,4,MIN,1902962,636973,737164,27894,794783,1655745,1472012,751877,21290073,13675538
2017,4,NOP,1707524,650218,753389,27591,514454,557373,488338,214537,7261412,5241777
2017,4,NYK,6171270,1770761,1541238,58517,1308814,2590572,1276649,702712,30986961,15565998
2017,4,OKC,7691696,1822277,2750565,115496,1367914,16620434,4621038,8697748,171999669,43501107
2017,4,ORL,2773634,1500747,571518,10445,1152508,1020109,321946,218907,14794811,3974072
2017,4,PHI,1604575,912423,672525,32100,793375,1577748,1068594,466431,16462948,11858298
2017,4,PHX,1924505,747443,601722,32328,16627,1302505,1058990,526837,20741685,10268872
2017,4,POR,2460666,814487,839577,69385,82930,4348048,4314984,1581801,59417527,31174809
2017,4,SAC,2419584,692363,602792,27273,511903,2422630,1358975,296405,27432299,12990329
2017,4,SAS,7195519,2220482,1680483,116964,1601977,27327868,8972898,4477221,255886583,80498633
2017,4,TOR,2267889,1393810,1051290,67345,1417334,5796872,5308396,5059703,75567566,45967869
2017,4,UTA,1257159,618436,457977,32920,538536,4177232,3134994,1726215,43694595,27878990
2017,4,WAS,1587521,649080,678413,32748,73349,3509856,3500163,2270965,39631436,31047028
2017,5,ATL,1670251,994103,684219,47024,113637,621913,390482,342433,10073161,6605472
2017,5,BOS,8844390,2362520,1521155,92082,187626,15296437,8616455,8323717,165720594,89578938
2017,5,BRK,2791497,757785,645190,42189,1627458,141911,67100,30316,2119436,1263023
2017,5,CHA,1775004,727831,743105,37882,522707,360287,256889,317715,8699859,4384305
2017,5,CHI,18898834,3604262,3135380,210371,1309605,5755266,1328101,2223441,68713997,26271758
2017,5,CLE,8571804,2122280,4680061,286575,2259761,35091823,16327355,21354273,322032052,127996910
2017,5,DAL,4545212,1263867,700094,37971,813247,747323,239898,76619,13638785,7473652
2017,5,DEN,2003314,636314,534473,22363,499040,811876,429574,375056,14250019,5739694
2017,5,DET,1908436,711079,611399,35858,593517,607849,471407,221792,13063549,6482567
2017,5,GSW,10739174,3621831,6643709,407455,3152146,50143864,18694938,24773973,511293310,205890385
2017,5,HOU,6229695,1718830,1756106,89011,2506024,10818587,3242201,2716040,117844054,29623095
2017,5,IND,3354614,932988,1084185,43162,509986,1101286,558006,335318,14823803,5816708
2017,5,LAC,3941443,1173358,1781892,94567,2374259,891316,462736,445275,11537698,4402917
2017,5,LAL,21809675,6210540,3566627,155498,2180474,3874090,1718243,1109492,53175251,20431480
2017,5,MEM,1860861,768697,520255,30748,127519,275892,420924,321080,5174761,6594522
2017,5,MIA,16007566,4107349,2910041,104989,1713842,2878995,600030,568374,28948080,7303640
2017,5,MIL,1596126,698187,758726,64767,789398,3466996,1274924,714489,26523544,10078492
2017,5,MIN,1899243,647970,750135,29332,795441,202329,178376,228853,4807243,2415914
2017,5,NOP,1708227,662316,765246,28278,515009,399967,177470,177976,4586403,2344601
2017,5,NYK,6150589,1785273,1560148,60138,1309092,1060459,488541,181833,14618596,5250930
2017,5,OKC,7670925,1842412,2793584,120928,1370622,1236521,357325,934846,15520871,5147975
2017,5,ORL,2772547,1505796,581636,13296,1152874,1159699,196893,147213,13094050,3337302
2017,5,PHI,1602370,928284,685909,33176,793971,1082905,947682,155846,9801191,8054354
2017,5,PHX,1922833,755071,613662,33932,112462,573607,524071,121206,8685358,5538595
2017,5,POR,2458320,825877,856979,71639,125369,967956,665826,379445,15265983,6547407
2017,5,SAC,2543226,721650,611310,29864,512157,1094169,757175,176237,18635238,10330876
2017,5,SAS,7260207,2322851,1758972,127812,1720278,36120592,11316035,5912903,323283459,104185008
2017,5,TOR,2270574,1404580,1074439,71372,1422562,2268310,1662699,1513864,27755002,16323970
2017,5,UTA,1273719,634931,473890,36696,545822,1546012,1468837,815617,19346332,15464943
2017,5,WAS,1597632,667041,706720,35967,123788,3404899,3515950,1625566,28959012,25123512
2017,6,ATL,1671325,1031664,693533,49509,111302,957781,869233,528681,15121095,13916540
2017,6,BOS,8857178,2398774,1565358,96691,182885,4989173,5650758,1698336,62079234,30888626
2017,6,BRK,2787005,776225,660033,46228,1627090,274385,534104,198859,3723284,4433858
2017,6,CHA,1779466,749794,758363,40057,523611,1613486,1593129,773099,23266035,15714530
2017,6,CHI,18878807,3690933,3188941,215406,1310019,7204035,2484662,2212889,101938612,30685524
2017,6,CLE,8998455,2293280,4946033,312799,2454046,53183930,20530794,15921089,397836678,119116688
2017,6,DAL,4538554,1291175,707818,40436,815240,1972204,832794,188512,21727993,11158958
2017,6,DEN,2001760,652930,545329,23244,499474,1177709,727767,379060,16769504,8666761
2017,6,DET,1901275,726131,621452,38168,592688,780991,569621,275518,15920767,8873490
2017,6,GSW,11231555,3953272,7030395,450142,3349868,66728915,31748842,32517691,751941940,290857350
2017,6,HOU,6272424,1773496,1787746,90950,2545575,7471420,1501980,1617653,82642276,13831299
2017,6,IND,3356302,958995,1103051,45980,510688,838657,741772,386257,13677071,7937353
2017,6,LAC,3942029,1200067,1794840,97456,2379512,1320789,768545,702641,29779694,8416869
2017,6,LAL,21808200,6487745,3672891,165575,2187520,15435649,7240677,3555358,179067915,63478149
2017,6,MEM,1860180,790299,528229,32662,127459,924200,588007,295488,9851617,7947917
2017,6,MIA,15985422,4250814,2911731,109373,1725288,3924778,1031707,838140,42334566,12415844
2017,6,MIL,1603639,719959,774695,66650,789760,3744171,1922528,875681,33447712,15090404
2017,6,MIN,1903826,672546,778530,32674,799433,1358515,1835725,1042237,19583109,13978740
2017,6,NOP,1709135,681916,777783,29006,515441,1399335,361218,230945,12747996,3098707
2017,6,NYK,6143590,1812993,1581181,62223,1309777,1577479,1318689,426835,22367972,14267830
2017,6,OKC,7674527,1886461,2831391,126360,1373467,3802016,2000534,2503792,47609943,17797748
2017,6,ORL,2777469,1520562,591933,15010,1153212,1574335,491037,295048,17903293,4375106
2017,6,PHI,1609602,982443,717565,35181,795710,3318117,3855338,1069254,37555406,29683343
2017,6,PHX,1922866,783255,627504,35983,111883,935144,843905,353372,10612848,8154151
2017,6,POR,2457638,856346,872129,73699,125839,1515069,3127686,446163,21266592,21831498
2017,6,SAC,2650311,751130,626848,33102,512696,1893915,2702916,528913,24550314,21322260
2017,6,SAS,7274701,2432697,1801739,132303,1768357,8523149,2982126,1244316,70650751,19805377
2017,6,TOR,2268501,1422322,1091933,73950,1469419,862784,586861,425229,11520475,5841184
2017,6,UTA,1285301,654672,485291,39841,587354,821749,981024,512232,11408121,9630173
2017,6,WAS,1595009,691275,725062,37212,120813,766527,712377,753549,9692493,8179329
2017,7,ATL,1670737,1066480,699407,51583,172355,879560,1060988,1260802,16322612,12517024
2017,7,BOS,8855153,2493005,1607317,101371,244027,6933589,6277639,7393959,71194145,47902576
2017,7,BRK,2781143,795850,667337,50708,1689977,211008,600073,463470,5403410,7722771
2017,7,CHA,1778280,778193,766696,42084,587855,1471783,1034804,1393057,13940745,10103906
2017,7,CHI,18841989,3799896,3205555,218710,1373755,3408134,1303570,2140586,53413229,18232082
2017,7,CLE,9010621,2391745,5002963,322295,2538044,4082307,1521433,6385506,79877659,20180559
2017,7,DAL,4532104,1338809,714525,42857,882614,2458888,2761139,551464,23330353,27286044
2017,7,DEN,1998532,680166,552980,24164,561979,936545,941705,330535,14726942,8902378
2017,7,DET,1895156,746097,628441,40404,655378,907315,862452,820598,17469188,13022885
2017,7,GSW,11219729,4272534,7095767,461679,3448963,14970486,4924576,15422616,181655701,64861611
2017,7,HOU,6269072,1894227,1816926,96516,2652973,2932260,2225591,3278061,43210469,22738447
2017,7,IND,3354559,983389,1108647,48041,575265,905881,1073767,919385,15363793,13018207
2017,7,LAC,3941476,1243541,1791397,99189,2456987,2305531,2100497,2733083,27341771,18050034
2017,7,LAL,21786261,6708991,3761866,176407,2254527,17550972,8927309,13230655,222522893,107179309
2017,7,MEM,1858527,813474,534093,34340,188014,643824,1043907,909226,9528702,13175641
2017,7,MIA,15960894,4362443,2910677,113446,1760563,4545694,2546395,6098035,54360928,22989059
2017,7,MIL,1607511,747025,783043,68653,852886,3102037,1636854,1021392,25642066,11616878
2017,7,MIN,1908730,709421,803277,35216,861971,848525,1069913,1482787,10699179,8837856
2017,7,NOP,1709941,700038,786096,29790,579351,831453,609207,868808,10192832,7810361
2017,7,NYK,6135101,1837842,1590839,63628,1373296,1577751,1034384,561170,22026641,11268294
2017,7,OKC,7672502,2014542,2872372,142939,1441240,5013765,3612869,7274170,74336976,27227211
2017,7,ORL,2774465,1540362,599082,16619,1217042,2757805,726131,242328,31912152,6733062
2017,7,PHI,1613817,1076001,742567,36170,860466,2392928,4429970,3632195,28957591,31575828
2017,7,PHX,1922820,849784,637052,40394,169900,324689,1001697,867879,6766066,9487862
2017,7,POR,2456384,926347,880264,75321,190009,1511420,2706158,786758,21789060,22815673
2017,7,SAC,2757289,798463,640745,36842,577246,3163423,3572348,1589772,36563006,23863279
2017,7,SAS,7274070,2562817,1825678,137175,1867661,7346702,3500901,2776038,77051276,32802943
2017,7,TOR,2266625,1452145,1101029,76392,1526093,1825109,1340860,2596981,20751842,10465456
2017,7,UTA,1287808,680723,494635,43118,643972,1100724,1648770,1190510,13218190,15795390
2017,7,WAS,1591546,720030,736213,38594,182054,730458,865443,1232356,10198058,9810553
2017,8,ATL,1666589,1094754,702262,53159,477097,800401,818377,990162,13431130,12684742
2017,8,BOS,8891122,2589168,1670759,105306,518072,3762555,2728469,2441489,80996769,25660207
2017,8,BRK,2768326,807049,674107,55118,1976933,345551,695850,468669,4720045,6024449
2017,8,CHA,1775607,793149,773110,43710,891518,1058103,361352,835333,11788442,4985688
2017,8,CHI,18759018,3854514,3238152,221785,1675903,910802,1052299,2121819,37150403,16178844
2017,8,CLE,8902122,2454608,5120939,330299,2886045,7401674,2746774,4672870,96804713,26839084
2017,8,DAL,4515081,1367288,717252,44472,1334684,830288,795017,315928,17772632,11682952
2017,8,DEN,1998492,694250,555001,24967,857989,1584182,1825666,817868,23693834,9914785
2017,8,DET,1873462,759409,630529,41962,965990,133674,431469,369207,7652152,6390654
2017,8,GSW,11126375,4453130,7237291,468679,3770171,15749616,3470596,10648189,175294981,37259830
2017,8,HOU,6422886,1999497,1836006,99930,2996142,3280154,1650941,2460448,50709549,16190683
2017,8,IND,3346914,1001106,1115593,49423,873076,347578,289204,545468,7656669,4410522
2017,8,LAC,3919996,1271454,1787586,100837,2796845,743288,1077733,1283799,13676656,10072437
2017,8,LAL,21731815,6835564,3831974,182232,2562586,3181855,1455848,2418241,78687797,22611719
2017,8,MEM,1853206,829526,534678,35484,475693,349736,585244,405448,4803337,7089605
2017,8,MIA,15923242,4417233,2904852,116630,2167569,1510519,590046,1862317,22672226,9159352
2017,8,MIL,1601912,765407,790685,70010,1310522,3114068,1636694,1095748,36732480,15548950
2017,8,MIN,1900582,728678,823771,36880,1311837,885853,1417765,1119900,11020488,9425198
2017,8,NOP,1707589,714939,792918,30356,857903,324173,395872,398152,6560681,5039319
2017,8,NYK,6115832,1868953,1597281,65011,1670880,1893793,876927,991181,23189163,9202067
2017,8,OKC,7574693,2084610,2904818,146901,1441656,1374381,619623,3354107,24124051,8632525
2017,8,ORL,2770170,1549238,601151,17902,1215789,456127,145142,94343,7116677,2070992
2017,8,PHI,1607492,1131163,760627,36959,1165777,987223,1547484,1308232,9581035,14497295
2017,8,PHX,1919917,889952,641088,41743,480941,578535,868821,536940,6787931,7725252
2017,8,POR,2449948,965610,885853,76699,500980,1083997,1051905,616734,14399047,10928712
2017,8,SAC,2848351,824865,646282,39092,863283,981225,1241050,370413,13660808,11439544
2017,8,SAS,7251053,2694278,1849593,141037,2199360,4910555,2151261,2011914,57089022,20317798
2017,8,TOR,2262132,1477083,1108189,78310,1958017,317976,315180,750636,5104703,3597851
2017,8,UTA,1286039,693996,495941,45943,640056,379079,454470,367021,6342384,7088358
2017,8,WAS,1577658,746534,741994,39498,461151,433244,675959,766149,6449013,7816109
2017,9,ATL,1661071,1118858,706870,54531,477097,1017049,461248,767463,12108843,8414855
2017,9,BOS,8885217,2691231,1732257,111714,518072,6271777,4920745,3642947,59069387,32136658
2017,9,BRK,2750716,816069,682046,56730,1976933,254483,730182,283026,3680641,6274426
2017,9,CHA,1768926,802983,779178,44640,891518,498036,689346,768169,6363783,7996533
2017,9,CHI,18616345,3901284,3264222,224440,1675903,2560573,1504057,2225089,58526203,24612181
2017,9,CLE,8636596,2566615,5237770,340722,2886045,7304197,7006855,9799886,102467969,52420179
2017,9,DAL,4494581,1381614,719441,45795,1334684,795334,645084,329174,10470924,6168791
2017,9,DEN,1991980,709581,558353,25602,857989,1954782,1204247,859836,16147988,11677299
2017,9,DET,1832102,769316,632866,43300,965990,488629,431406,530013,10232418,6868350
2017,9,GSW,10953603,4597240,7320012,475065,3770171,14791202,4749673,8641037,184708283,50630362
2017,9,HOU,6737544,2074256,1860957,103837,2996142,2128253,1201661,2741102,29800583,12134145
2017,9,IND,3335617,1013852,1121524,50558,873076,328903,419537,265087,7239088,5155694
2017,9,LAC,3893434,1283537,1791045,101517,2796845,1679047,1176957,1501497,16075156,11281170
2017,9,LAL,21657899,6891154,3889184,188411,2562586,7462630,3621878,5394673,96863811,38609057
2017,9,MEM,1845289,841939,536841,36469,475693,279014,684632,441978,4722980,7148618
2017,9,MIA,15881677,4454459,2898650,120651,2167569,3066903,1052306,3081404,34207922,14136659
2017,9,MIL,1593782,778193,800769,71206,1310522,2657066,1246202,1465367,23425767,13441178
2017,9,MIN,1880866,740924,840564,38855,1311837,726010,1131045,1251075,9872240,8742605
2017,9,NOP,1703134,726120,800100,31085,857903,324889,436312,435770,5061571,4641853
2017,9,NYK,6070192,1889737,1603106,66012,1670880,3108079,1352262,1959117,28797181,16249104
2017,9,OKC,7378703,2128955,2964221,154876,1441656,3530039,2485889,7338620,61378165,21714242
2017,9,ORL,2766889,1554305,604171,18964,1215789,811515,179303,230049,11343958,1827348
2017,9,PHI,1597271,1164654,777626,37821,1165777,1162976,2082242,2094326,12128040,19704849
2017,9,PHX,1915886,912294,644806,42652,480941,373002,663591,593351,5060917,6737503
2017,9,POR,2440371,993407,891731,77813,500980,997403,1254881,698878,14711198,12041823
2017,9,SAC,3028069,839560,653461,40080,863283,1211374,1522597,521584,16886407,13858842
2017,9,SAS,7215800,2787164,1870767,143001,2199360,6456821,2299530,3180048,58149867,23359643
2017,9,TOR,2253496,1502291,1116271,80052,1958017,643983,789087,956723,7182152,5784567
2017,9,UTA,1282730,702113,498434,47832,640056,380514,622374,381587,4526344,6159100
2017,9,WAS,1549371,763179,749353,40530,461151,617332,588679,804026,6031648,7412030
2017,10,ATL,1657874,1136055,718586,56073,474510,904816,807146,1667893,12032655,14331545
2017,10,BOS,8903314,2789033,1858410,121831,543469,10839556,9597698,18892782,105257581,82965621
2017,10,BRK,2748516,833537,704498,59676,1972756,1409348,1660464,1887810,15169824,17891325
2017,10,CHA,1768357,818091,794130,46215,889753,1951457,1863745,3276023,19594627,19735681
2017,10,CHI,18532193,3938219,3312967,226674,1677363,11485932,3572944,4516822,144083886,40167093
2017,10,CLE,8550160,2721408,5442911,359502,2991777,26160249,19120047,58192759,220296175,116257262
2017,10,DAL,4487427,1403803,728360,47976,2852856,4709916,3431619,1206465,42974835,21927154
2017,10,DEN,1992734,724424,571216,26584,849164,2760360,2010720,1849526,28950382,15502204
2017,10,DET,1807281,782676,644106,45161,966428,1307741,1074209,1500687,22470391,18127327
2017,10,GSW,10938067,4787474,7476542,489726,3842795,36029983,16433393,49180355,332623880,149946835
2017,10,HOU,6989727,2151414,1932840,110457,3022796,7533025,4830843,8188721,72803119,41285861
2017,10,IND,3330793,1029435,1136366,52176,872090,2156964,1967806,1432474,24267810,17744626
2017,10,LAC,3890265,1310584,1814754,103286,2795812,5978757,3842785,6256019,49613494,34201755
2017,10,LAL,21619074,6982616,4004456,199210,2581157,19975467,11159921,12558040,210262172,126068098
2017,10,MEM,1843750,858930,547137,37835,466966,1484396,2155345,2009498,14224365,18493929
2017,10,MIA,15851361,4500702,2904207,124109,2170069,5932594,2305840,7348185,61389527,31525115
2017,10,MIL,1604833,799106,832103,74627,2908494,9101314,4719900,6049878,58046387,37506547
2017,10,MIN,1876266,763033,881234,42395,2665286,2088176,3074837,5788820,21132164,21609116
2017,10,NOP,1706201,740970,817839,32184,850845,1145115,2085329,1660602,14732408,17389172
2017,10,NYK,6055957,1914423,1622073,68018,1669873,3663828,2639809,3477586,39535112,23336161
2017,10,OKC,7238098,2225382,3065299,164274,1457975,5812707,4976191,20157997,71353284,33884195
2017,10,ORL,2771822,1563547,617536,20337,1484967,1356221,1297566,1068875,16277379,8614013
2017,10,PHI,1605097,1221342,811547,40499,1166918,6729486,6365383,6761842,44137505,43279684
2017,10,PHX,1915822,929571,656995,44869,478157,2499846,1427186,1076805,17926078,12796901
2017,10,POR,2438144,1017323,909858,79692,515907,2395410,4265243,2028496,26357332,30461145
2017,10,SAC,3185480,860912,671955,41206,852566,3781818,2914201,1838585,37459485,23543550
2017,10,SAS,7207146,2883181,1916521,146717,2205414,16163712,6398405,6476839,139800802,58465286
2017,10,TOR,2251899,1530208,1139429,82583,4051042,1893101,4108349,4809680,22213738,26800005
2017,10,UTA,1283554,718620,509041,50441,637297,2150836,2826957,2948978,21648705,25644901
2017,10,WAS,1534198,782922,769519,42477,452262,1762393,2393257,3117064,16944635,21219283
2017,11,ATL,1655899,1148090,730300,57318,474510,1079282,1270584,1860858,12666408,17912976
2017,11,BOS,8955736,2933504,2038007,135288,543469,15517838,11383805,37917426,150615870,99849781
2017,11,BRK,2747213,844816,722974,62958,1972756,719795,786639,1368569,9982319,12117909
2017,11,CHA,1771000,832971,802804,48970,889753,2095719,1469354,3047670,20179021,17680836
2017,11,CHI,18500548,3973496,3361611,229136,1677363,16030365,4640553,5606662,175886667,50459780
2017,11,CLE,8584341,2827452,5592585,371434,2991777,36571046,16996310,70018490,256361717,108488686
2017,11,DAL,4483044,1423726,734955,49659,2852856,4974853,2657581,1572709,45924023,17567267
2017,11,DEN,1998307,738730,583499,27640,849164,3882274,1558197,1431158,32876676,14415139
2017,11,DET,1809390,798815,656413,47096,966428,3058317,1336931,2200214,27534281,18239420
2017,11,GSW,11004140,5022477,7620811,502464,3842795,44556055,11772281,59938583,324939377,123325418
2017,11,HOU,7224197,2244459,1992274,115327,3022796,12375978,5896893,11362770,96601351,44343886
2017,11,IND,3329236,1045535,1150579,53943,872090,2256048,1783493,2607378,25543236,18999368
2017,11,LAC,3887826,1333079,1830248,104583,2795812,2743289,2102679,4931723,29124020,20003338
2017,11,LAL,21602067,7107328,4103157,207773,2581157,20062861,10739327,10907970,201409115,125107697
2017,11,MEM,1843855,873676,554672,38701,466966,906712,1180315,1318347,10184478,13033509
2017,11,MIA,15827136,4533293,2904792,126641,2170069,9804689,2597526,9264768,88719070,35613697
2017,11,MIL,1613336,818579,863697,77824,2908494,7823286,3457104,7419191,48857534,28734331
2017,11,MIN,1879817,784872,913042,45221,2665286,1330502,2146856,5793420,17578369,20340441
2017,11,NOP,1710077,753996,831366,33308,850845,1440857,1265015,1866002,15135594,13109762
2017,11,NYK,6051275,1968579,1652923,71494,1669873,7197110,4065196,12089843,64970864,35726009
2017,11,OKC,7246758,2303323,3139755,170935,1457975,5797287,5445008,18957265,65248882,37310831
2017,11,ORL,2774937,1573108,628038,22167,1484967,4568673,831734,1590199,22409064,6111970
2017,11,PHI,1619279,1289853,859865,42899,1166918,8926629,6554956,6406140,56295284,42154474
2017,11,PHX,1918954,946753,671027,46942,478157,2667339,1759031,1565548,17971711,14761445
2017,11,POR,2441045,1058880,929904,80826,515907,4473674,4108658,3383515,39235699,34244201
2017,11,SAC,3516598,882898,685676,42648,852566,4342519,2443030,2487349,28007761,21323128
2017,11,SAS,7207378,3011446,1960254,149591,2205414,19628682,6774931,8446851,161512297,59336508
2017,11,TOR,2253777,1561548,1160504,84409,4051042,3866459,4708054,10684368,33317144,28603802
2017,11,UTA,1284320,732573,518124,52294,637297,1908763,1797622,2180121,18617963,16073409
2017,11,WAS,1536456,799032,788566,44479,452262,1838680,1926631,3599975,17960306,18354041
2017,12,ATL,1653359,1161264,743098,58265,493598,1061699,1312289,1487036,12552154,19780917
2017,12,BOS,8974080,3034203,2161812,143865,684170,11905195,9599006,32092961,126860703,86919431
2017,12,BRK,2743975,855325,739450,66399,2095609,938040,1474987,1903933,14050373,19720684
2017,12,CHA,1772434,845174,812784,51198,919822,1261051,1530820,3421635,17053017,19375879
2017,12,CHI,18460312,4011496,3398031,231607,1713799,19214322,6935461,7871726,207632005,68575453
2017,12,CLE,8611632,2942130,5747896,382727,3179593,27019701,18092026,72389127,240334467,119957422
2017,12,DAL,4475856,1442321,740888,50895,2916245,3914006,2820325,1691949,42909100,19308954
2017,12,DEN,2000594,751936,592880,28520,882338,3267798,2019669,1885064,30316863,20422896
2017,12,DET,1809387,811973,665091,48457,992260,2078267,1187249,1731029,19057243,16779476
2017,12,GSW,11029638,5190941,7738611,513384,4007414,42407031,13070487,65632081,345538987,139661984
2017,12,HOU,7699967,2334361,2073263,119583,3193724,10635871,6288032,12832980,100011758,49950799
2017,12,IND,3326314,1066415,1166329,55834,907356,2824227,2621308,3259832,33177989,23135395
2017,12,LAC,3882058,1343467,1841663,104916,2824352,2784730,1713671,3987676,32301207,17569554
2017,12,LAL,21594676,7205686,4220110,215070,2740531,27848439,13457598,15376746,264119966,141631437
2017,12,MEM,1842475,886448,560470,39485,487181,1223875,1859219,1503811,13588537,18929196
2017,12,MIA,15796168,4565599,2902529,128580,2206773,9388201,2805703,10930805,89729578,35026908
2017,12,MIL,1619377,833453,890019,80554,2924222,7251511,4503559,7784095,51048265,36514355
2017,12,MIN,1881133,798688,940981,46553,2747051,1631239,2028749,4478310,18428349,24405721
2017,12,NOP,1712611,766096,844200,34165,869810,1903403,1548424,1978362,17020079,15331937
2017,12,NYK,6043245,2012409,1676202,74164,1696965,8637301,4095095,13625857,81316257,35351300
2017,12,OKC,7249914,2368731,3204323,176078,1583180,6969250,6079672,21112724,78638999,47119310
2017,12,ORL,2781737,1579712,636927,23141,1498898,4639439,687611,1142824,28186416,5786453
2017,12,PHI,1625048,1343663,900213,45485,1204344,4953948,5823883,6166333,35901987,44288217
2017,12,PHX,1918132,960134,683904,48305,502183,1349253,1421237,1536952,11071544,13435648
2017,12,POR,2439750,1080414,946534,81766,521314,4117957,3249326,3902722,38813561,28343815
2017,12,SAC,3977428,905305,700667,43544,892971,5754326,1990237,2625973,36357475,18519703
2017,12,SAS,7207111,3127635,2002065,152206,2308598,21504021,8648408,10824571,174483168,75207680
2017,12,TOR,2254661,1593405,1187751,86142,4023788,4335372,4844449,8531843,37272563,32060711
2017,12,UTA,1285481,746870,528821,54227,659671,2385937,3463356,3051920,25079939,24682702
2017,12,WAS,1537491,811683,805292,45822,484973,1870243,2741548,3655396,20823035,25982356
2018,1,ATL,1651129,1176283,754683,59770,512257,942359,1331220,2081539,12258449,19028405
2018,1,BOS,8992102,3115907,2292343,155412,795063,9132047,8877395,26802573,102506845,82860901
2018,1,BRK,2741547,867366,754477,69229,2179076,994844,1206890,2768684,13749258,15479079
2018,1,CHA,1772514,859171,821286,53318,943351,1090608,1625065,2574180,14872426,20555741
2018,1,CHI,18421918,4050744,3436868,235497,1752431,18384393,6632202,8887479,196709932,66817465
2018,1,CLE,8642788,3035956,5920589,398350,3302741,32292263,18038012,73398242,245312061,124774887
2018,1,DAL,4472320,1460247,747425,52270,2985220,4965573,3209495,2064076,45490951,23145352
2018,1,DEN,2002372,766119,601324,29693,925711,3354518,1837587,2086034,28573676,18239382
2018,1,DET,1812175,826252,677466,50074,1017344,2675551,1611440,2420115,23233905,22772942
2018,1,GSW,11060295,5401840,7900480,529673,4031533,36208768,17122186,70953523,330394865,192088453
2018,1,HOU,8151480,2417177,2148838,124282,3314786,8955377,7091957,13026095,81809919,54101028
2018,1,IND,3324607,1086179,1181632,58302,951240,1796807,2442056,3462449,25528708,24024518
2018,1,LAC,3877788,1356239,1851245,106178,2865595,2960612,2229624,6533121,36866033,26694801
2018,1,LAL,21574455,7291104,4320149,221685,2878822,14424132,10722320,11332546,177700690,135910886
2018,1,MEM,1841695,902984,565523,40430,507813,1074810,1704290,1317613,11634703,16708983
2018,1,MIA,15774023,4592475,2908200,131104,2241900,10407726,4196257,15132090,98288374,49613401
2018,1,MIL,1627513,851464,919529,83603,2961999,8690487,5136199,8032922,65213825,42713787
2018,1,MIN,1884988,823808,973554,48941,2846330,2152645,3989756,5468833,24458348,34265173
2018,1,NOP,1715057,782966,858441,35248,896604,1173172,1571337,2576999,13855695,16395920
2018,1,NYK,6037896,2044060,1693368,76483,1696797,8713482,4965404,14630405,79145257,39772825
2018,1,OKC,7250421,2453843,3272587,183757,1701113,4472210,4775316,17369446,58921574,44012856
2018,1,ORL,2786220,1584888,644304,25154,1518686,5109101,731015,1593558,29859410,6117683
2018,1,PHI,1631277,1389054,940993,48095,1226164,7150948,7605564,6927455,43289506,54129242
2018,1,PHX,1918135,972532,697508,49840,526093,1576559,1522000,2344645,11364220,14052072
2018,1,POR,2439377,1102136,964277,82899,567614,3751381,4587768,6721932,38163106,46153847
2018,1,SAC,4396822,930371,713344,44576,952141,3006771,1742955,1933162,20952854,14311606
2018,1,SAS,7209630,3245088,2044963,154748,2438838,18937001,10813745,13495539,150411236,93171745
2018,1,TOR,2258550,1629536,1229322,88992,4052211,4734604,8373742,14121785,41626358,58220362
2018,1,UTA,1286697,760826,538279,56007,678108,2611878,3909167,4214559,22602578,30718474
2018,1,WAS,1538152,831130,823256,47553,514447,1327378,2314627,3348152,16000103,26224812
2018,2,ATL,1648292,1187399,760650,63605,508286,1490745,1856594,1598996,11153902,24790921
2018,2,BOS,8998841,3176633,2376233,178200,814985,13343904,9975644,27998289,101522151,76317729
2018,2,BRK,2738537,877236,764549,72254,2175281,1029931,978691,1807901,10525791,14738473
2018,2,CHA,1772031,870181,826491,56335,941983,1499632,1329948,2785820,14993091,18234168
2018,2,CHI,18384488,4076444,3469819,251183,1752019,15940531,4490918,5697280,144547430,48497817
2018,2,CLE,8670889,3109486,6031508,449671,3317766,32750793,19102887,73300224,238233951,131690187
2018,2,DAL,4464652,1474594,753432,55018,2970650,4269176,2649494,2319463,34676816,21901917
2018,2,DEN,2004763,778142,609583,31607,921067,2793621,2073662,2145109,25504984,17729157
2018,2,DET,1819198,840881,694983,57487,1016610,2679749,1846659,3666571,22172910,21597222
2018,2,GSW,11069865,5554893,8037686,576274,4055925,34438923,10871377,51524019,230893406,105045956
2018,2,HOU,8605594,2487592,2215238,148629,3343302,11150568,6223004,12979622,80331425,46441649
2018,2,IND,3320411,1102020,1190568,64437,948710,2135522,2078819,2703747,22307114,19171660
2018,2,LAC,3866569,1364887,1855095,106701,2864285,2353845,1449784,3607856,25698424,14473219
2018,2,LAL,21544823,7349398,4407109,234561,2898911,13871380,8804300,11646184,142604272,103162203
2018,2,MEM,1839755,915663,568432,41818,503271,479608,865756,732083,6569067,10596432
2018,2,MIA,15750106,4651584,2939941,137382,2244435,11332411,7026394,18001007,95946741,61293267
2018,2,MIL,1634494,866461,943505,90105,2957029,7884159,4951207,8675980,42204537,33835953
2018,2,MIN,1887709,842106,1000350,51600,2842341,1388510,3169102,3802170,16232587,28105766
2018,2,NOP,1716702,796970,872033,37667,894538,1225883,1664694,2037629,11323842,18681718
2018,2,NYK,6027624,2063719,1694810,79127,1696937,2880298,1966291,7418108,33249407,20792420
2018,2,OKC,7243666,2522613,3322260,198557,1704122,7140233,4543708,27850319,50086558,34707262
2018,2,ORL,2786384,1589181,650332,26284,1513524,3375953,717221,1151393,21431944,5939580
2018,2,PHI,1646208,1431029,975689,56222,1227334,5530487,7725924,9028270,28703723,49938332
2018,2,PHX,1916977,981598,708002,51743,524573,2586837,1443602,2921747,22494484,14861636
2018,2,POR,2439262,1119516,976626,84495,568001,3340906,2897529,6827971,24144688,31468355
2018,2,SAC,4689034,949979,723325,46818,946196,8192371,2329530,2357117,39371807,19973386
2018,2,SAS,7202921,3297514,2067112,157633,2443909,10220626,4288720,11094032,88059924,39440647
2018,2,TOR,2261142,1653169,1256723,92242,4036748,3434129,5471644,11324251,23751652,37192948
2018,2,UTA,1303073,776519,559707,59604,676347,3820401,5841894,6754378,24297104,41268244
2018,2,WAS,1539448,843415,833184,51980,510801,1193523,2074496,3009104,12474429,19685404
2018,3,ATL,1645250,1197925,765720,66371,506034,809679,1199921,1655420,7876830,18071647
2018,3,BOS,8999616,3217688,2437932,187414,826576,12318349,6458848,22338662,97790295,72160102
2018,3,BRK,2734381,883835,775185,74830,2174756,564988,903734,1775683,8195264,16628136
2018,3,CHA,1771660,878772,830355,58794,941347,1218045,1508187,2948379,12139284,20429802
2018,3,CHI,18342678,4097310,3493396,261064,1754284,13802133,2988382,3822037,132866028,46828023
2018,3,CLE,8684093,3174901,6134061,469082,3363659,19849483,17905732,73428874,160419313,123236292
2018,3,DAL,4455163,1485508,758997,57515,2962394,2357558,2147602,2276245,26626765,20359171
2018,3,DEN,2005192,790067,615570,32980,918276,2800414,1388282,1791011,21005683,14954214
2018,3,DET,1817689,849791,699503,59692,1015506,1668543,1245649,2204060,14793656,19618534
2018,3,GSW,11088514,5664401,8145511,602050,4067704,25708386,8603473,44430629,179997421,118100192
2018,3,HOU,9046708,2561329,2288843,159421,3361779,14652623,8415920,16416222,97283312,68674852
2018,3,IND,3315090,1113556,1198199,69074,947319,1888459,1780554,3495643,21493328,23215734
2018,3,LAC,3858256,1369069,1855965,108755,2858547,2211605,1511783,4244375,21858268,18680368
2018,3,LAL,21508939,7407759,4484546,246230,2912179,15274254,11130551,12586281,157444832,139605288
2018,3,MEM,1837075,924326,569195,42810,500419,627436,1315201,1187476,8762341,18425478
2018,3,MIA,15720368,4694301,2943933,143179,2253629,18613862,4889139,18625781,115820094,58509643
2018,3,MIL,1637186,877905,960942,94840,2953788,4979616,3581966,7042565,25712796,33836456
2018,3,MIN,1893516,857663,1027906,53166,2844222,1831310,2835047,3955272,20664139,28692612
2018,3,NOP,1718358,807843,883615,41435,892735,1167738,1543100,2205726,11717513,19273036
2018,3,NYK,6015568,2075833,1698857,80730,1695432,4097311,2609996,8572829,38645451,23781257
2018,3,OKC,7240455,2576324,3353874,200889,1705747,4691652,4521248,24605185,36263518,40125448
2018,3,ORL,2788102,1592058,653181,26841,1510203,6396357,874265,1473581,28088187,7928456
2018,3,PHI,1660136,1488049,1014072,60572,1227655,5992387,9752059,10300441,32458351,65375040
2018,3,PHX,1915645,992207,717471,52952,523421,2329232,1476061,3005501,20158427,17444038
2018,3,POR,2442136,1136997,996196,85411,568841,5506539,3900936,12299175,36027656,34813980
2018,3,SAC,5184574,969681,730259,48640,942938,4079821,1942264,2264405,31782830,18325832
2018,3,SAS,7199887,3327657,2084783,159037,2444309,10641255,5146697,15110153,87317638,61097010
2018,3,TOR,2269123,1681550,1299769,94087,4028293,4820566,8321128,13663651,33958891,52503033
2018,3,UTA,1458615,793932,570586,62551,675406,3906301,5213736,5483174,24923200,40532297
2018,3,WAS,1539764,852421,839544,54821,507678,1641896,1646139,2630016,12725681,21477526
2018,4,ATL,1642015,1209789,773244,67437,504408,419406,1015959,907971,4967262,13654081
2018,4,BOS,9000402,3248218,2510041,195676,828928,13191480,8142929,29167899,126956675,91206435
2018,4,BRK,2729529,893179,787439,76638,2175337,295973,511285,911436,5330332,9189433
2018,4,CHA,1770689,888828,836752,59828,940441,713940,508810,1259331,6774069,8495962
2018,4,CHI,18299776,4116376,3515387,264202,1753769,9998551,1501055,2465613,85704563,25945575
2018,4,CLE,8731609,3219609,6260452,487466,3384848,19299172,18709991,69543217,190008684,142146150
2018,4,DAL,4445715,1497462,764535,58197,2956040,1429537,709842,618802,15481130,8151989
2018,4,DEN,2005240,802676,623844,33728,915997,2965947,1349501,1891151,21026270,14446933
2018,4,DET,1815727,859572,705620,60541,1015027,1405673,457836,992964,10207681,8348707
2018,4,GSW,11114267,5724265,8250231,621686,4089069,28436600,11716406,46889139,205520902,133819327
2018,4,HOU,9424989,2604125,2363599,167076,3387441,14806649,7117121,17654534,104728464,60572699
2018,4,IND,3321471,1131991,1219888,72930,946901,5080702,3756355,5156108,46259484,34349574
2018,4,LAC,3849568,1375961,1860111,109432,2853823,815563,599064,1972376,10950766,8410026
2018,4,LAL,21468929,7446076,4548982,250270,2926855,13206306,7141653,6274200,123988643,77794231
2018,4,MEM,1835036,935473,572556,43076,498356,395616,732943,582063,4703414,10108773
2018,4,MIA,15691335,4722872,2959140,146890,2259615,11883099,3918574,12165232,94293640,49350875
2018,4,MIL,1645806,894310,988621,98816,2954787,6571866,5279731,8060318,32070951,44155513
2018,4,MIN,1902174,877382,1057987,55514,2841348,2833829,4564426,4355669,24461205,39379967
2018,4,NOP,1735803,827357,912164,44434,893001,2574074,4103868,4216470,23121622,33782844
2018,4,NYK,6001908,2088947,1707865,81479,1694712,1858432,1441278,4614649,21275917,13818794
2018,4,OKC,7249160,2620866,3391866,202895,1712578,6740611,5644063,23893602,56206461,46825722
2018,4,ORL,2787417,1596383,658096,27315,1507538,3130150,672604,913620,17410946,5072428
2018,4,PHI,1692849,1522523,1095611,65468,1236429,8220478,13436782,13035076,51884208,88333894
2018,4,PHX,1913201,1003688,727022,53494,522675,746138,789473,1115364,8172432,9760708
2018,4,POR,2440198,1148812,1011423,86016,573504,3321332,1809974,3585464,25817833,22731072
2018,4,SAC,5637107,991313,739443,48969,944930,1925209,1193884,1200038,23949995,12005802
2018,4,SAS,7199625,3360317,2114759,160498,2445541,10371617,5903099,13725839,106220951,66435596
2018,4,TOR,2278766,1706502,1349163,96645,4022099,4502452,9265825,16530766,27042812,56559810
2018,4,UTA,1677491,831086,605612,65671,675542,5884959,8155287,7221270,35140921,62738633
2018,4,WAS,1542015,864431,849168,56612,504495,1517054,1757371,4105878,14286775,21669255
2018,5,ATL,1638812,1212968,780750,67533,502440,337889,470031,773169,4779155,7747520
2018,5,BOS,9080295,3295048,2668251,223255,865358,22321986,13246188,33189607,200036750,134869617
2018,5,BRK,2725031,899269,797707,79248,2182663,99595,94207,94834,1611682,1759707
2018,5,CHA,1768482,893407,843700,62047,939309,254805,258201,419432,3669415,4249148
2018,5,CHI,18258599,4121329,3552899,274792,1752488,4696311,1266513,1751924,56741213,16116454
2018,5,CLE,8902915,3288680,6515831,539423,3487708,38740067,31157589,106806190,334835437,211121682
2018,5,DAL,4436770,1500828,771923,58664,2994850,358898,498344,285467,5775705,5312147
2018,5,DEN,2001731,809235,628391,33051,913174,828882,353795,656571,10977527,4866192
2018,5,DET,1813253,863587,710388,62908,1013956,731774,191879,331088,6480514,5057412
2018,5,GSW,11240405,5797989,8497027,671765,4168151,66436330,26212661,98567683,372530092,205495634
2018,5,HOU,9750501,2656550,2506173,178873,3460676,24637602,11388760,26091727,165106870,88420257
2018,5,IND,3318157,1141176,1236791,78786,947785,2013162,683204,981621,19386479,9261060
2018,5,LAC,3841074,1379948,1864696,112972,2848901,512029,394376,1605914,7833808,6000615
2018,5,LAL,21429494,7451571,4621666,259055,2937140,3751149,2582057,2151526,42342450,27156685
2018,5,MEM,1832239,942389,575404,42795,495665,107869,263615,149364,1809821,3963385
2018,5,MIA,15659562,4731229,2971626,151157,2281527,2698544,469032,2028136,18314420,6139878
2018,5,MIL,1645190,903094,1007779,101186,2951734,1598018,742999,1065601,11602940,11361440
2018,5,MIN,1900954,887207,1081547,57094,2836834,421077,933094,660214,4802322,9724907
2018,5,NOP,1746793,838822,932162,47548,892783,4182769,1105085,1607385,15637694,10750707
2018,5,NYK,5990958,2102734,1720733,84121,1693589,1128868,582085,1732467,10707386,6505860
2018,5,OKC,7238983,2650969,3423744,207407,1713239,560502,813917,1842131,7525311,7383371
2018,5,ORL,2785142,1596573,663819,28183,1504008,3037290,273709,582306,15821628,3085579
2018,5,PHI,1700452,1541307,1144786,69200,1252245,2570631,4636257,4856678,17783978,34781826
2018,5,PHX,1911088,1002173,740651,55462,521770,1277559,817699,926654,10617569,8794801
2018,5,POR,2436163,1152617,1022252,87029,573420,948345,431934,745649,7718144,4881053
2018,5,SAC,5908675,998693,748487,49427,952708,1894632,922521,988461,18064678,11840555
2018,5,SAS,7191950,3376148,2142482,165516,2456788,4080204,1169077,2602634,35778416,12259614
2018,5,TOR,2290675,1718880,1374401,99642,4014816,1370136,3190266,5689850,10264782,30980015
2018,5,UTA,1763943,846152,622427,68235,676185,3892000,2832268,4025958,20085410,25873894
2018,5,WAS,1540261,871535,853818,58267,500940,359490,413694,722209,3859307,4961167
2018,6,ATL,1636200,1216084,797880,84956,500533, ,898788,1924832,8592187,12912316
2018,6,BOS,9077022,3319884,2798830,231952,868300,4571820,2074635,4435407,47031136,21418197
2018,6,BRK,2721000,906845,814585,80757,2187532,194649,322583,545322,4091432,5346167
2018,6,CHA,1765701,897418,851117,63230,938032,382395,627568,764148,6369482,8607671
2018,6,CHI,18215962,4130119,3633916,280210,1750000,3703917,1699198,4123187,72471788,26699690
2018,6,CLE,8960188,3341291,6804854,560165,3513901,11954443,11393506,32121650,126313868,87948189
2018,6,DAL,4433043,1510708,800100,60089,3032615,2236189,2126450,1533892,17958877,17589844
2018,6,DEN,1999343,818171,639451,33817,910700,1094015,1681446,1004038,14942340,14248513
2018,6,DET,1810801,867645,718310,64670,1010000,754363,512799,443283,8054699,8769917
2018,6,GSW,11369193,5897553,8991347,697948,4219483,51429556,27751205,70411446,292586380,190130332
2018,6,HOU,9949847,2688966,2604281,183671,3464854,3897203,1741127,7170078,37045066,17931665
2018,6,IND,3312649,1148068,1260502,79954,946200,1315847,782893,1143026,13480611,10487940
2018,6,LAC,3833082,1386479,1879565,113680,2844019,820303,1436453,2320473,11013264,10828270
2018,6,LAL,21399964,7465504,4754235,265660,2980000,2377549,2980676,4869138,52765746,42510846
2018,6,MEM,1829661,951021,581387,43403,492800,155487,331653,394625,2728121,7011523
2018,6,MIA,15623380,4735620,2989270,152419,2280538,2260036,1475599,2096531,21383097,15002766
2018,6,MIL,1643435,912779,1037960,102666,2947185,1208412,988297,1532178,10859517,12321832
2018,6,MIN,1898151,895781,1109026,57950,2830000,586395,1078530,1315048,6884511,11274661
2018,6,NOP,1747125,848737,954475,48606,891800,126849,176838,315906,1648225,3292288
2018,6,NYK,5978550,2114028,1746335,85850,1692264,1290425,1165078,2818807,18452332,13720007
2018,6,OKC,7225206,2666752,3470018,208842,1712758,244288,515126,1286185,4190793,6091831
2018,6,ORL,2782166,1597308,674041,28929,1500000,2410944,532065,1004587,14709908,5475720
2018,6,PHI,1702455,1556763,1199839,71063,1253481,1537740,2951106,2248994,15354051,25187833
2018,6,PHX,1909261,1014982,762442,58358,521100,1115955,1440227,2001888,11930671,13872016
2018,6,POR,2431365,1156447,1035732,87694,572981,1050122,688344,1055587,10443632,8367302
2018,6,SAC,6141886,1003369,766190,50468,959555,2786760,2720164,1613396,24752395,18206456
2018,6,SAS,7180952,3394527,2189559,166623,2460000,3758729,2421621,4169702,42367426,24616270
2018,6,TOR,2288264,1723185,1390651,100460,4004526,608758,720834,768218,4166171,7163732
2018,6,UTA,1826533,854349,633960,71274,677170,681171,1279813,1338818,5874349,13866838
2018,6,WAS,1537679,879407,857284,59915,497423,394717,702900,621655,4562999,9816978
2018,7,ATL,1633721,1204342,815180,86181,500329,630189,1621992,2023638,9572998,16659461
2018,7,BOS,9063394,3248951,2900976,235000,866692,2696559,2306441,6769550,34694446,28866980
2018,7,BRK,2712620,891884,829550,81418,2184472,168308,818026,372329,5057244,7329208
2018,7,CHA,1763791,888839,860656,63891,937113,432471,1036416,1228799,6716636,13382816
2018,7,CHI,18164187,4043539,3693619,282313,1750192,4939799,2342217,4049261,73666641,32022841
2018,7,CLE,8889489,3273943,6723662,555378,3517892,3296798,4707027,16076070,54390203,38932732
2018,7,DAL,4424810,1488165,822935,60610,3062196,1310960,1971335,2034562,14427740,13251465
2018,7,DEN,1996495,810379,654132,34205,909500,1533748,1962202,1246975,16133061,16195420
2018,7,DET,1809553,857042,728725,65334,1012454,1562969,606494,933208,12422712,10591016
2018,7,GSW,11355363,5861979,9217849,699762,4233180,16041530,6018172,14544145,144350312,64371767
2018,7,HOU,10126532,2675804,2673062,184978,3480606,3283380,1934199,5577226,25912877,16561697
2018,7,IND,3305006,1135088,1277424,80531,944892,768759,797862,994457,10736289,10321657
2018,7,LAC,3822789,1363773,1892467,114134,2840351,811160,911104,2060575,11137643,10046591
2018,7,LAL,21513340,7262203,5366057,276271,3040055,14232498,15067597,14609848,159453816,140016125
2018,7,MEM,1827779,946388,590412,43835,490484,326988,1635395,801837,5980676,16299215
2018,7,MIA,15579614,4599998,3003937,152910,2277858,4421640,1297035,3929380,39389007,13540016
2018,7,MIL,1643653,910353,1067340,103236,2945495,1799792,1891146,2182792,16575822,19689007
2018,7,MIN,1894865,889343,1134631,58393,2833340,1275186,1970981,2204490,10836038,15102865
2018,7,NOP,1745464,846099,972142,48972,890407,214003,458563,476058,3037335,6337513
2018,7,NYK,5964651,2070131,1772726,87533,1691396,1952200,2480160,5127269,20076246,17947851
2018,7,OKC,7205527,2625960,3509182,210002,1711167,990114,1623318,3053912,9623262,12417195
2018,7,ORL,2778488,1470232,684589,29341,1501244,2975478,837080,1110813,17780790,7297837
2018,7,PHI,1701515,1549854,1247639,71931,1253162,1872631,3552703,5077109,17505318,32176443
2018,7,PHX,1907471,1003005,785357,59684,520566,955785,2062622,2683368,11766089,18293294
2018,7,POR,2425863,1143466,1052247,88040,571852,1910128,1751085,2947990,20710811,23444631
2018,7,SAC,6391030,993398,783430,50806,962545,3554609,2395870,1648098,27319460,18108996
2018,7,SAS,7170729,3364501,2233037,167302,2464075,7160619,5523156,7136868,84330353,51141179
2018,7,TOR,2288414,1707451,1422647,100971,3997487,1330073,3892876,4939214,13757692,26152651
2018,7,UTA,1822926,848883,645133,72691,676602,980279,2500814,1984380,8080739,29002315
2018,7,WAS,1534813,875147,867278,61377,496712,1418485,1582645,2883216,11448667,17263230
2018,8,ATL,1633721,1205911,828062,87104,861668,215690,1342505,983011,5690183,17551765
2018,8,BOS,9063394,3258167,2974616,240186,1308041,411028,419595,1395247,14496399,10234135
2018,8,BRK,2712620,895444,842516,82013,2308725,31472,143074,63814,1591400,2794697
2018,8,CHA,1763791,891208,867348,64565,1303876,121805,231560,601703,2631991,3927828
2018,8,CHI,18164187,4044368,3748846,284767,1829371,989136,723667,2045800,25013248,10833644
2018,8,CLE,8889489,3266992,6775777,547316,3688506,1252943,1463809,4019092,27187908,15678114
2018,8,DAL,4424810,1490474,840400,61141,3113997,314310,765755,1551140,7548372,8899646
2018,8,DEN,1996495,814211,663667,34631,1265729,752766,938013,1038935,13333909,9437125
2018,8,DET,1809553,859468,735222,66112,1236275,856680,684271,910307,6969373,8265267
2018,8,GSW,11355363,5870213,9422507,702007,4479920,8703106,3896881,4069721,97460281,38260261
2018,8,HOU,10126532,2691062,2732827,188492,3896489,4217412,2150456,6306429,37825742,18099409
2018,8,IND,3305006,1138640,1296078,81440,1280130,582961,284454,693214,9213579,4890784
2018,8,LAC,3822789,1367579,1905504,114599,2920948,312385,368196,637281,4244710,4559571
2018,8,LAL,21513340,7293176,5674544,284410,3530617,7004039,3643992,9998647,90074102,45400822
2018,8,MEM,1827779,951097,594226,44332,712055,115012,602750,377596,2212184,8480378
2018,8,MIA,15579614,4600696,3014110,153506,2513302,2189771,992124,2539292,21629633,10244843
2018,8,MIL,1643653,916350,1090814,103878,3004635,1103895,774829,1200910,15084195,12474948
2018,8,MIN,1894865,893257,1162263,59027,2909081,374338,1454876,750413,5532331,11506940
2018,8,NOP,1745464,852281,987365,49734,1251769,56510,259541,678925,1858359,3771004
2018,8,NYK,5964651,2074025,1797954,88910,1813597,1170774,949296,3675980,16697724,8797210
2018,8,OKC,7205527,2633127,3541725,211876,1991875,679151,715720,2086157,11369409,6396737
2018,8,ORL,2778488,1470643,689373,29761,1791535,3342983,280931,768464,15776253,3768058
2018,8,PHI,1701515,1556355,1288077,73101,1522550,793210,1457260,1898938,9978489,13241676
2018,8,PHX,1907471,1007256,804054,60048,738988,458236,678881,1072850,6013431,9322251
2018,8,POR,2425863,1145702,1069304,88264,811414,701079,640048,1367332,8548308,7345583
2018,8,SAC,6391030,995025,794463,51062,1326513,1517665,964096,636447,16373297,9084975
720,8,SAS,7170729,3371162,2283736,168092,2830234,6760076,3756623,5879333,75388320,28264745
2018,8,TOR,2288414,1709907,1448703,101398,3991059,262315,496572,675140,3430439,5444216
2018,8,UTA,1822926,854799,652072,73952,920996,954284,1364830,740626,10137693,13437163
2018,8,WAS,1534813,880207,874280,62313,741539,537858,596345,1727204,6280935,7001534
